gene_id,PTEN_normal_mean_Z,PTEN_normal_mean_RSEM,PTEN_normal_median_RSEM,PTEN_deleted_mean_Z,PTEN_deleted_mean_RSEM,PTEN_deleted_median_RSEM,Z_score_diff,log2_fold_change,log2_median_change
MUC2,0.06091986779420575,1262.0459893442624,0.7511,-0.13226925376545742,3.2660131147540983,0.3123,0.19318912155966317,8.594018184103922,1.2660724287935525
CARTPT,0.03662983026352824,3555.515892622951,0,-0.09509109218395158,18.436968852459017,0,0.13172092244747982,7.591313607089986,NaN
CHGB,-0.010064313374517296,1782.061017896175,2.6912000000000003,-0.06618651764280639,11.47894262295082,1.9961,0.056122204268289094,7.278413170458263,0.4310656125303991
SMR3B,-0.005570775811098953,996.5783360655737,0,-0.046351088779532985,12.474952459016393,0,0.040780312968434033,6.31987698990469,NaN
PCSK1,0.006435415867535301,1257.308468852459,9.1812,-0.0932837012781643,20.25524262295082,11.1682,0.0997191171456996,5.9558994685387345,-0.28264204864425313
KRT1,0.018445158796598745,609.8092722677595,2.5471000000000004,-0.030898280794691497,9.968690163934426,1.9357,0.04934343959129024,5.934810322587707,0.3960002242412774
HSD3B2,0.020781448881599888,119.60210068306012,0.73035,-0.06164255040299487,2.1233360655737705,0.3281,0.08242399928459476,5.8157661907545135,1.154452407471864
CYP2A7,0.03519803021582057,719.4571954918033,1.03085,-0.08892149248822674,13.981295081967213,0.3548,0.1241195227040473,5.685338947270045,1.5387565052483274
UGT2B4,0.006323176124135646,167.10902841530054,0.71135,-0.09037701835261883,3.25742131147541,0,0.09670019447675447,5.680915541427001,Inf
TRH,0.005885041632981066,518.0926461748634,6.04665,-0.10946769042317174,13.698860655737706,1.6407,0.1153527320561528,5.241082292783443,1.8818246055377192
SULT1C3,0.01845177084377674,58.52632158469945,0,-0.08559102910879697,2.075281967213115,0,0.1040427999525737,4.817706334318892,NaN
LACRT,-0.026357281030758843,117.5299225409836,0,-0.0505171804885583,5.255950819672131,0,0.024159899457799457,4.48293252008356,NaN
MYH7,-0.027855689766663,62.24271598360656,0,-0.030004475361771633,2.9886016393442625,0,0.002148785595108633,4.380362500899912,NaN
CYP19A1,0.01912986751679353,127.62254112021859,4.974600000000001,-0.030331713612712377,6.179727868852459,3.0675,0.04946158112950591,4.368196046150733,0.6975171815235404
CHRNA9,0.03617777265150542,131.26028032786886,0.7629,-0.09405904911993122,6.365947540983607,1.1022,0.13023682177143664,4.3659113407058845,-0.5308201644212434
SPRR2A,-0.03696245293141644,10.633104371584698,0,0.6273831544639007,217.55391967213114,0,-0.6643456073953171,-4.354738246885887,NaN
SPRR2D,-0.0454830364450018,7.279164617486339,0,0.6691233581398041,143.26257049180327,0,-0.7146063945848059,-4.298745031586349,NaN
GABRA5,-0.08051915657165651,3.438404644808743,0,0.6458285340103957,67.46924426229508,0.3914,-0.7263476905820523,-4.294418760112314,-Inf
CLDN6,-0.07349437578549044,12.032235928961748,0.76265,0.4163080679545256,235.17374918032786,1.2933,-0.489802443740016,-4.288750365100506,-0.7619639447261375
PSORS1C2,-0.04215411113119009,9.796816803278688,1.55305,0.6251649469018035,191.15141639344262,3.6962,-0.6673190580329935,-4.286259017381707,-1.2509385449286872
CPB1,0.0210091487124197,36045.52389521858,71.68615,-0.1853937067383246,1949.0437065573772,27.0991,0.2064028554507443,4.2089817699002525,1.403449474019901
MYH2,-0.02824344546124747,42.41996612021858,0.32905,-0.029417874417369417,2.3117737704918033,0.2601,0.0011744289561219472,4.197671340481894,0.33924042258610393
SPRR2E,-0.039249468099879475,5.636009426229508,0,0.5627607007334079,102.04470163934425,0,-0.6020101688332874,-4.178383441981466,NaN
LOR,0.018406175265397572,38.93202172131148,0,-0.027113653206833323,2.2800032786885245,0,0.04551982847223089,4.093849460968255,NaN
VCX3A,0.015310910198980237,42.046642896174866,0.36029999999999995,-0.03526700356640395,2.5298426229508197,0.3696,0.05057791376538419,4.05487107157155,-0.03676610498926743
ACSM1,0.02321391459891125,270.52724016393444,28.28425,-0.10795070249756178,16.456745901639344,7.4822,0.13116461709647304,4.039022874778533,1.9184644813225642
CSN1S1,2.1339716735110294e-4,198.62507677595627,0,-0.04239607092853584,12.655054098360656,0,0.04260946809588694,3.97226219736081,NaN
DSG1,-0.0754249759560149,81.73914672131147,4.1254,0.7678151085942632,1262.4075163934426,13.5693,-0.8432400845502781,-3.949006707014687,-1.7177403829223652
HMP19,-0.044674844376766235,59.87577267759563,2.4127,-0.10280665664538446,3.8926180327868853,0.7659,0.05813181226861823,3.9431596777003937,1.6554205955060053
PNMT,0.014537433581100065,238.98225409836064,11.608699999999999,-0.08771759970489504,16.816945901639343,4.0056,0.1022550332859951,3.8289158642270364,1.5351161554313553
GRIA1,0.0525328502299456,120.59724480874317,3.1515,-0.1272328213581972,8.984801639344262,0.7348,0.1797656715881428,3.7465664840639086,2.100615131170215
SYNPO2L,0.0010255740206116628,165.07816762295082,5.9519,-0.11691007831289561,12.494149180327868,2.509,0.11793565233350728,3.723824763517576,1.2462378166672656
CHGA,0.01637102201307757,2127.184983196721,0.89845,-0.03376106062801908,163.80381967213114,0.8917,0.05013208264109664,3.6989045935981,0.010879800774110836
C4orf40,-0.023109152838908523,33.27697295081967,0,0.6230066908346356,428.08647213114756,0,-0.6461158436735441,-3.6853061365573336,NaN
ARHGAP36,0.02312980689274645,256.1618387978142,1.4364,-0.0692085355315858,20.09834918032787,0.9844,0.09233834242433225,3.6719066564245186,0.5451409952064981
PNLIPRP3,0.011061860707719234,26.09159344262295,0,-0.12886736176124397,2.101534426229508,0,0.1399292224689632,3.6340700585701655,NaN
SEZ6L,-0.00942469438190155,85.83216366120219,5.49855,-0.1636663031886472,7.037506557377049,1.3126,0.15424160880674564,3.6083820997906075,2.0666238834037123
HP,0.020381435849968606,423.9670495901639,11.74385,-0.03310522727414341,35.06140655737705,12.8401,0.053486663124112016,3.595996365015203,-0.128750991975991
FGL1,0.002360028334403756,51.748896448087436,0.7031499999999999,-0.04303060956283635,4.297113114754098,0.7469,0.045390637897240106,3.590088437876057,-0.08708261209113319
SLITRK3,-0.03559823165009682,3.565251912568306,0.81235,0.1369264227249178,42.19339836065574,0.3461,-0.17252465437501463,-3.5649413675392827,1.2309125032366388
GRIA2,0.06796436988849694,472.77204412568307,7.433450000000001,-0.2503670045112045,39.950772131147545,1.7783,0.3183313743997015,3.5648494372498902,2.0635332193360694
PI3,-0.0651595118077227,102.25471707650273,3.17065,0.5034900530248341,1200.4494360655738,26.874,-0.5686495648325568,-3.55333533505226,-3.0833605361248555
NTS,0.024459594210263957,863.2853636612022,0.7034,-0.03421452067746266,76.777578688524585,0.7415,0.058674114887726614,3.491080560740895,-0.07610135771668602
HPD,0.004377522050857694,33.95497431693989,0.88425,-0.0754738377552826,3.157839344262295,0.6053,0.07985135980614029,3.426613260322757,0.5468039628780834
ASCL1,-0.030706163579290617,99.58000792349726,0.65335,-0.21192205689371665,9.412709836065574,0.7469,0.18121589331442603,3.403174103167795,-0.1930590467377555
BTN1A1,-0.010563658248482061,33.82990942622951,0.90425,-0.04573680124362197,3.233139344262295,1.4193,0.035173142995139905,3.387291722300384,-0.650385968689686
BPIL1,0.016827329056904358,476.70019603825136,23.1896,-0.09365848447087702,46.04089180327869,1.5408,0.11048581352778138,3.3720945351210494,3.911726421584023
MAGEA4,-0.05972546006863885,55.15190901639344,0,0.7975835413346618,569.9208065573771,0,-0.8573090014033007,-3.369278734338004,NaN
CGA,0.013591106080616278,524.0555068306011,0.78505,-0.09485397721125283,50.97653934426229,0.4797,0.10844508329186911,3.3618142857714655,0.7106521029423882
MAGEA10,-0.06097168170052025,3.131584836065574,0,0.47049422960024473,31.614031147540985,0,-0.5314659113007649,-3.3356001390995544,NaN
GRIK1,0.04105356895495486,30.7413031420765,1.3102,-0.0948783757131327,3.07507868852459,0.8648,0.13593194466808756,3.3214830897056564,0.5993486255504568
HDC,0.03595254678112255,307.15156393442624,23.518250000000002,-0.07790739587283547,30.76998360655738,12.1491,0.11385994265395802,3.319355148987532,0.9529312692261068
CST9,0.015474226009320873,260.3321181693989,9.6347,-0.2186704351815036,26.384895081967212,0,0.23414466119082447,3.3025691616688992,Inf
TPH1,0.01955778049425853,35.054658333333336,2.3392,-0.1185554611769495,3.626460655737705,2.2108,0.13811324167120803,3.2729720714262895,0.08144669873827623
RUNDC3A,-0.0069350103878614,81.73812677595629,6.66005,-0.18783994585865255,8.922695081967213,6.6288,0.18090493547079115,3.195457736745527,0.00678528286997336
FAM196A,0.08180470645896983,314.83713387978145,28.2359,-0.2402739393145554,35.86466721311476,7.5522,0.32207864577352524,3.133970562211967,1.902561740697148
PNMA5,-0.027632410018133085,7.148462431693989,0.61035,0.29303689261785265,62.14327704918033,0.9981,-0.32066930263598575,-3.119893452231333,-0.7095475858091558
KLHL1,0.043348795048757105,65.19364043715846,0,-0.12039905254934502,7.530232786885246,0,0.16374784759810213,3.113964868467551,NaN
ZFP42,-0.07420064575707819,10.798411612021859,0,0.46040730914721756,93.05531475409836,0.4735,-0.5346079549042957,-3.107269435258547,-Inf
MSMB,0.01758132926459013,479.30956980874316,15.478200000000001,-0.12482515607575534,56.069980327868855,10.4478,0.14240648534034547,3.09565727608643,0.5670385214322202
SLC5A8,0.05395909420272341,221.33011024590164,1.8338,-0.16185246950224494,25.934696721311475,1.9268,0.21581156370496835,3.0932443278391295,-0.07137052638705348
FGB,-0.02659200353162068,262.3345080601093,0.55305,-0.07204146158613173,30.804345901639344,0.9506,0.04544945805451105,3.0902017884187005,-0.7814284844873617
GPM6A,0.01933211514148047,161.3571681693989,8.42515,-0.08369882290991072,19.110844262295082,4.7506,0.10303093805139119,3.077794250912234,0.8265926349329349
PEX5L,0.013520759691631702,44.62599398907104,4.035,-0.14942612670453206,5.328301639344263,1.9659,0.16294688639616375,3.066136641821362,1.037378735941208
GAGE12D,-0.008568716444989069,58.905255191256835,0,-0.05579515298414558,7.182675409836066,0,0.04722643653915651,3.035803123127549,NaN
TRIM72,0.03297829328100069,16.411519398907103,0.5166,-0.09218196321239444,2.0195344262295083,0.7179,0.12516025649339513,3.022614167105903,-0.4747352541416551
NR0B1,0.02196252791938787,16.4841868852459,0,-0.0570082724393285,2.043681967213115,0,0.07897080035871637,3.0118401148261147,NaN
INSM1,0.029351205103185285,171.29204262295082,4.9168,-0.13714357698587742,21.24890819672131,3.8118,0.1664947820890627,3.010997512274393,0.36724724707101797
SPRR1B,-0.04146938514067195,22.50054726775956,0,0.4133127273201069,177.17204590163934,0.3277,-0.4547821124607788,-2.9771189974802663,-Inf
CDH7,0.04079063650582823,20.03086051912568,1.4520499999999998,-0.20325646531934413,2.5454754098360657,0.6053,0.24404710182517236,2.9762173663288216,1.262368875898868
STAR,0.01923632164752347,101.52387827868853,6.95715,-0.028552830088976792,12.902059016393443,7.5001,0.047789151736500265,2.9761458609989337,-0.10841340507113564
C20orf114,0.020267808651511524,1006.3375101092896,113.69445,-0.12262510074657365,128.93548032786885,16.5335,0.1428929093980852,2.9643930212818432,2.7816977624946597
CT45A5,-0.0378088182146826,2.6552948087431694,0,0.4357780506456235,20.560432786885247,0,-0.4735868688603061,-2.952926680093483,NaN
SCGB2A1,0.023005110654628208,719.131974590164,50.08155,-0.08675973366369633,93.33203442622951,10.0729,0.10976484431832453,2.9458123088113517,2.313800116901999
SCG3,0.001563268175170202,57.17965286885246,1.0663,-0.11250545872831921,7.4548,1.8481,0.11406872690348942,2.9392603085487705,-0.7934294298410037
PCSK2,-0.035608832149691495,32.19716243169399,0.3738,-0.0933462476241767,4.212457377049181,0.4975,0.05773741547448521,2.934199553932532,-0.4124299565732154
SPRR3,-0.04205251835645213,17.662570355191257,0,0.19278731192991144,133.71485901639343,0.7096,-0.23483983028636357,-2.92039258095532,-Inf
PHGR1,0.06861915393299868,46.98128524590164,3.7854,-0.22149660729170903,6.309060655737705,0,0.2901157612247077,2.8965890549113986,Inf
MCCD1,0.025659671116158734,14.955307103825136,0.4304,-0.15828457787626782,2.035801639344262,0,0.18394424899242656,2.8769886334389243,Inf
ODAM,-0.060700042406880976,15.13006106557377,0.33175,0.41966914938785077,111.12337049180329,0.6563,-0.48036919179473175,-2.8766725481358524,-0.9842589675056155
GLRA3,0.01898200698596362,108.13244371584699,2.3000499999999997,-0.1918190023217989,14.747498360655737,0.7143,0.21080100930776252,2.8742572957643873,1.6870631973223844
CCKBR,-0.07577402590569612,8.858321174863388,0.39635,0.2523079543265363,63.97563114754098,1.2358,-0.32808198023223245,-2.8524172642830035,-1.6405983970461642
RGR,-0.058020833756909716,3.370143306010929,0,0.4806912028901491,24.222201639344263,0.4975,-0.5387120366470588,-2.845448158078592,-Inf
SERPINA6,0.005354218162312319,945.1393454918033,5.2596,-0.17104680798560726,131.75094918032786,1.1203,0.17640102614791958,2.8427136914530533,2.2310679679874195
CTAG2,-0.059362575170070826,6.021051912568306,0,0.3730024770081316,42.87522459016393,0,-0.4323650521782024,-2.832056767190473,NaN
SPRR1A,-0.058875663277843555,8.64989849726776,0,0.3796087834694493,61.5662475409836,0.5986,-0.43848444674729287,-2.831384530484995,-Inf
PGC,-0.031830905271966366,35.1040956284153,0.9922,-0.0904661329566463,4.966052459016393,0.7488,0.05863522768467993,2.821467954307901,0.4060505223092735
SLC26A3,0.05220075274740255,123.50457636612022,7.5906,-0.151040232776774,17.624168852459015,0.7548,0.20324098552417655,2.8089373733377268,3.3300476001210004
KRT78,-0.033785270913905784,2.111453825136612,0,0.3888312567095875,14.742529508196723,0,-0.4226165276234933,-2.8036754791625498,NaN
RTBDN,0.02234520024912294,42.97441789617486,1.4131,-0.1467991852923418,6.16318524590164,0.9593,0.16914438554146471,2.801730038284948,0.5588096015219968
CEACAM5,-0.013652906047024025,1205.6112174863388,94.33109999999999,-0.22358468875426216,173.46008524590164,12.064,0.20993178270723814,2.79708911675411,2.9670251574221798
MUC6,0.038942192808104716,1452.7461172131148,18.818649999999998,-0.13362127093061255,211.44190491803278,6.4121,0.17256346373871725,2.7804493659827214,1.5532943063133593
C11orf86,-0.05488386690891605,4.154719398907104,0,0.38417117593317224,28.27444098360656,0.4975,-0.4390550428420883,-2.7666755520690214,-Inf
RTP3,-0.013501305986596936,2.197101912568306,0,0.3407344720776441,14.826545901639344,0,-0.35423577806424106,-2.754508840530685,NaN
AMY1A,-0.0640921314458375,32.49640040983606,2.65205,0.6704777158495615,217.89751475409835,9.1741,-0.734569847295399,-2.7452979154075288,-1.7904586579179524
FAM177B,0.01755670632135673,22.55054863387978,3.2853000000000003,-0.11821876107531781,3.394985245901639,1.1517,0.13577546739667454,2.7316853234772056,1.5122601514849685
HEPHL1,-0.03395802586726187,10.405956010928962,1.56755,0.4009980563644152,69.06589836065574,2.2795,-0.4349560822316771,-2.730564034646979,-0.5402059479287326
CST5,0.0023976661172998,246.39358210382514,0.71685,-0.1021418062905697,37.36619016393443,0,0.1045394724078695,2.7211592982192476,Inf
SCG2,0.03419687077337178,255.02052103825136,35.312650000000005,-0.07841041424115817,39.02261967213115,20.0717,0.11260728501452996,2.7082308052832698,0.815022277765247
ORM2,-0.03136117648708733,95.58632855191257,1.62795,0.5775797622933422,618.6180245901639,6.7749,-0.6089409387804295,-2.6941726762569953,-2.05714326180963
IL1F5,-0.08265104285864158,3.048297950819672,0,0.5300082696803396,19.651575409836067,1.2694,-0.6126593125389812,-2.688569145133297,-Inf
NLRP5,0.06044597342351686,31.952389890710382,1.2235999999999998,-0.1677744205675899,4.987770491803278,0,0.22822039399110677,2.6794568547419457,Inf
AQP4,-0.05371498465794313,19.57438770491803,5.0299499999999995,0.28132387144376364,125.36618852459016,6.5184,-0.33503885610170675,-2.6791092180542613,-0.3739738263618926
SERHL2,0.033059992400447095,1046.6061031420766,155.1615,-0.18007260870455846,164.6685,45.8622,0.21313260110500556,2.6680820684647952,1.7583931606161824
C16orf73,-0.05602160228116371,2.5331446721311477,0.4184,0.3566457434279337,16.07448032786885,0.432,-0.4126673457090974,-2.6657707181521655,-0.046148460803889464
ALDOB,0.02410848426618744,18.19006693989071,1.8872499999999999,-0.04287814706885993,2.8752918032786887,1.9186,0.06698663133504737,2.66137056949371,-0.023768415750900163
PAPL,-0.10989330306357854,3.8479771857923497,0.42805,0.6769321697744128,24.317796721311478,0.8744,-0.7868254728379914,-2.6598403707363305,-1.030514075086914
CSMD3,-0.02995474085245174,23.663382923497267,0,-0.08404176727466417,3.7787868852459017,0,0.05408702642221243,2.6466612751130776,NaN
MAGEB2,-0.017051689473319514,5.536009016393443,0,0.3757132630664368,34.65541475409836,0,-0.39276495253975635,-2.6461625868650978,NaN
FTHL17,-0.05061194376738719,3.4565418032786885,0,0.2540971263601683,21.39997049180328,0,-0.3047090701275555,-2.6302075285510935,NaN
SBSN,-0.024013986254638714,95.84503770491804,1.0091999999999999,0.3722383989815246,592.4775786885245,4.8392,-0.39625238523616335,-2.627984914056854,-2.261556454373015
NEUROG2,0.026000928007348153,21.384619672131148,0.64505,-0.11883390847532815,3.480045901639344,0.59,0.1448348364826763,2.619395308557789,0.1286960385517515
CSAG3,-0.0749979371033034,16.1854924863388,0.53135,0.6844823632470356,99.15136557377049,1.6942,-0.759480300350339,-2.614931378256711,-1.6728698127892994
SCGB1A1,0.007213733247836321,12.829179918032787,0,-0.052913441389408025,2.105765573770492,0,0.060127174637244346,2.6070122106171594,NaN
S100A8,-0.023532755492373464,1236.0058580601092,40.0945,0.5876959207954486,7519.843390163935,176.4573,-0.6112286762878221,-2.6050170354224758,-2.137842862988165
NDP,0.02498772202049408,209.39415997267758,27.161099999999998,-0.23076196846422276,34.520368852459015,20.3579,0.25574969048471685,2.6007014208931443,0.41595315937031196
PHF21B,0.0229102390540949,31.091443032786884,3.5463500000000003,-0.21181624502710736,5.1531573770491805,0.8548,0.23472648408120225,2.5929890192942118,2.0526761140868444
CYP11A1,0.018824164949212248,140.70044030054646,13.15415,-0.027931747078517602,23.376504918032786,9.8296,0.04675591202772985,2.5894956932525064,0.4203134122005135
CA9,-0.14140812516358633,76.86919549180328,2.0107,0.6234984248124984,462.37640327868854,52.9957,-0.7649065499760848,-2.588590299330923,-4.72010555592652
FOXG1,-0.09845859764910726,2.164519808743169,0,0.318176633907193,12.851675409836066,0.2206,-0.4166352315563002,-2.569837540109658,-Inf
MAGEA11,-0.048022553713073776,3.5817341530054643,0,0.28781966068325693,21.158486885245903,0.3461,-0.3358422143963307,-2.5625062938727896,-Inf
KCNC2,0.03006101093624129,182.87934166666668,1.64235,-0.218771916416882,30.979444262295083,0.3696,0.2488329273531233,2.5615089461425478,2.1517249496927424
SLC1A6,-0.03620048066199197,18.731708469945357,0.295,0.3759283510099596,110.06334918032788,1.1658,-0.4121288316719516,-2.554779739915541,-1.9825334471699347
FGF10,0.08101198035225289,74.70633661202186,7.7228,-0.1987932743019555,12.736334426229508,1.3919,0.2798052546542084,2.552280494719739,2.472068444315223
DCD,-0.035596145851958104,612.2872398907103,0,-0.05714349445572768,105.11504918032786,0,0.021547348603769577,2.5422393847412743,NaN
AGTR1,0.07438916292009708,804.757680874317,101.6011,-0.2742541798313293,139.27764098360655,23.4846,0.3486433427514264,2.5305907686814493,2.1131290954519346
GSDMC,-0.11007088044150956,41.60114795081967,9.5293,0.9228061388716283,239.58348196721312,32.6165,-1.0328770193131378,-2.5258332011907036,-1.7751598319891686
UCP1,0.06170528383995062,25.148302595628415,0.36675,-0.09238984522753596,4.370819672131147,0,0.15409512906748657,2.524485264608335,Inf
KLHDC7B,-0.08091500558370855,284.04121407103827,62.73895,0.7684620071734067,1628.3696655737706,141.2819,-0.8493770127571153,-2.519256067781954,-1.1711433604806059
TRIM67,-0.03089980749460918,17.813166530054644,3.1065500000000004,0.25871087243455226,101.09002786885246,2.3483,-0.28961067992916145,-2.504624785297581,0.4036965472938737
MYOM2,-0.016509906018266476,108.89721639344262,14.51825,-0.05891771445182858,19.265049180327868,10.3581,0.0424078084335621,2.4989093026097144,0.48710817248922506
TCAP,-0.026470119559660794,30.761171857923497,4.0373,-0.034533151887047496,5.453618032786885,3.789,0.008063032327386702,2.495824900680932,0.09157365342003015
PRR11,-0.06355045152014677,100.08884098360656,54.14155,0.5801874110450994,562.1000770491803,142.6018,-0.6437378625652461,-2.4895458772061807,-1.397184096721872
ALOX15B,-0.008296301539987838,1232.5187357923498,95.92994999999999,-0.16261247599498788,221.11004098360655,52.0581,0.15431617445500004,2.478773130505404,0.8818586473546591
MAGEB4,-0.07340386008352741,3.8309572404371584,0,0.36119013509067316,21.165945901639343,1.4252,-0.43459399517420055,-2.4659681356348795,-Inf
A2ML1,-0.09843848614869267,138.90225601092897,2.8266,0.43296731976951813,763.0916344262295,36.9318,-0.5314058059182108,-2.4577862794357412,-3.7077239360762126
ACCN1,0.02135582018726348,20.91906338797814,1.58795,-0.2090186881195282,3.8142704918032786,0.9995,0.23037450830679168,2.4553391968795557,0.6678870147763585
CASP14,-0.03754322621720457,101.1895575136612,0.3218,0.41696317154200957,554.1792573770492,10.6447,-0.45450639775921414,-2.4532922970322417,-5.047827154545269
PCDH10,-0.006702261500543492,166.10463142076503,5.08145,-0.11533027743562349,30.358281967213117,2.5246,0.10862801593508,2.45193024655235,1.009185407103979
PRSS12,-0.07060237632149452,53.08719590163935,14.31205,0.5905302257629627,290.3346573770492,24.128,-0.6611326020844572,-2.4512809528453245,-0.7534780010668092
CADPS,0.025335498727905525,37.45431079234973,5.6195,-0.05682354465220499,6.920347540983607,3.9139,0.08215904338011051,2.4362153776065707,0.5218348754540978
TGM4,-0.003647741628965729,22.39088019125683,0.3501,0.1988898883864133,121.08417704918033,0.3548,-0.20253763001537903,-2.4350272027556987,-0.01923894787255957
KRT16,-0.0839352751597906,750.8643620218579,64.6873,0.45152156493836765,4056.1936032786884,200.9446,-0.5354568400981583,-2.4335022898098133,-1.6352434061619043
TBX10,-0.016853280287158847,18.13825587431694,0,-0.06919822452967295,3.367937704918033,0,0.052344944242514096,2.429098377932769,NaN
MAGEA9B,-0.047140053863329104,18.477413387978142,0,0.3894732223239801,99.07780983606557,0,-0.43661327618730916,-2.422799166232969,NaN
PTPRN2,0.0588408323659562,581.5700545081967,132.61,-0.3239782661131068,108.81387213114755,43.3885,0.38281909847906304,2.4180904954673768,1.6118049556975018
OPRK1,-0.11725958305954924,7.155556693989071,0.47319999999999995,0.32417473139085684,37.747501639344264,3.1766,-0.4414343144504061,-2.3992452447838386,-2.7469614573901535
C6orf15,-0.037633619535323265,22.778362841530054,2.1922,0.027294861980866635,119.83867049180327,6.7931,-0.0649284815161899,-2.395357559041164,-1.631690666943244
KLK6,-0.10589113528340573,224.93851215846993,21.91205,0.4674370616435549,1182.5223262295083,113.8256,-0.5733281969269607,-2.3942648281688306,-2.377028695857649
CEACAM6,-0.003058657299151211,4331.987047677596,415.0719,-0.2290956233448453,827.3372885245901,147.707,0.22603696604569407,2.3884814176497624,1.4906230674158936
EPHA8,0.029829954684842144,25.15872786885246,3.18525,-0.2064981249145501,4.836060655737705,1.7351,0.23632807959939225,2.3791547306786818,0.8763877965472425
UGT2B11,0.013299768089925362,935.1181617486338,8.0388,-0.1709760802101203,180.0501295081967,0.6618,0.18427584830004567,2.376750038555997,3.602512960952247
CSAG2,-0.06861341539918572,5.611647540983607,0,0.5185300718301358,29.096354098360656,0,-0.5871434872293215,-2.3743420849573953,NaN
SORCS1,0.13066941166385534,223.90083415300546,36.748149999999995,-0.2789822554319792,43.46322131147541,4.9648,0.40965166709583456,2.364992892934702,2.887864115564402
DLX1,0.04183894267832,64.44113428961748,3.9339,-0.18177861768246725,12.526940983606558,2.7567,0.22361756036078725,2.362947729766335,0.5130180111867111
LY6D,-0.04269370430600828,141.8988468579235,2.6453499999999996,0.3893702239766156,726.806824590164,25.0482,-0.43206392828262385,-2.3567091009184233,-3.243176413338103
SCGB1D2,0.03274288420978308,6762.24777909836,315.4452,-0.1273145404084194,1322.4020852459016,25.9229,0.1600574246182025,2.354341975076052,3.6050903711143882
MMP7,-0.11994974918577489,1296.7810733606557,451.2096,0.7460701309884283,6627.9406950819675,1535.1331,-0.8660198801742032,-2.3536257539398453,-1.7664940782382232
CACNG6,-0.015144731809171507,26.495126229508195,0.51515,-0.14274046760094095,5.252801639344263,0.2883,0.12759573579176944,2.334567990376862,0.8374217367194802
HMGCS2,0.06716846462639643,1751.7215729508198,124.6581,-0.20397850243048543,347.83038360655735,14.7184,0.27114696705688185,2.332317619018977,3.0822838756137245
RAET1L,-0.13435181345215608,3.566558606557377,0.47250000000000003,0.4938185796338964,17.945152459016395,2.8517,-0.6281703930860525,-2.3309895945179235,-2.5934359832129834
CXADRP3,0.03870723471260037,70.29880573770492,6.53965,-0.18227540506126735,14.034250819672131,1.7859,0.22098263977386773,2.324548128912121,1.872562125007289
CLEC2L,-0.05513448221914722,5.43424781420765,1.2865,0.6174894068765845,26.815001639344263,1.439,-0.6726238890957317,-2.3028880791741715,-0.161615135006498
CT45A1,-0.039543776465113194,13.273227459016393,0,0.24243210792305672,65.0715786885246,0,-0.2819758843881699,-2.2935083424103557,NaN
ANK1,-0.02493492310945908,115.15296256830601,14.05925,-0.14032934524852933,23.510668852459016,13.947,0.11539442213907025,2.2921640404132346,0.011564803250309133
AKR1D1,3.8115131845833185e-4,13.552762568306012,0.6105,-0.10424055785446756,2.789267213114754,0.5722,0.10462170917292589,2.280628900692664,0.09347179755158264
MPPED1,-0.0049996437529734135,11.6545456284153,1.0713,-0.1527798036593925,2.410967213114754,0.2472,0.1477801599064191,2.2732088228381753,2.115611891402847
ABHD12B,0.052474736876994645,30.22250368852459,2.9154999999999998,-0.2511877016420409,6.278329508196721,1.3919,0.30366243851903557,2.267170527411407,1.0666877571824918
MYBPC1,-0.009211603781047805,1398.8005540983606,30.304949999999998,-0.06368751621988872,292.3648475409836,19.6451,0.05447591243884091,2.258348508102096,0.6253839506462432
LGI1,0.0026103426722641873,13.271129098360657,0.40759999999999996,-0.10705515729626039,2.7868032786885246,0,0.10966549996852458,2.251608048556267,Inf
DCX,-0.04159789420299374,61.43611420765027,6.6640999999999995,0.630614500421746,290.8937213114754,14.4814,-0.6722123946247398,-2.2433332828745454,-1.1197191280290673
MYPN,-0.027399847119970698,12.510978278688524,0.33799999999999997,-0.04206374895792117,2.653877049180328,0.4975,0.014663901837950473,2.2370211643592453,-0.5576732791488269
CXorf61,-0.10761713531190424,13.04586693989071,0,0.518223759283807,60.87848852459017,0,-0.6258408945957112,-2.222339721351068,NaN
C8orf47,-0.09430689424812246,11.33753592896175,1.9856500000000001,0.6297620994684209,52.79132950819672,8.4074,-0.7240689937165433,-2.2191938769071413,-2.0820483649620023
INHA,0.018819546821527287,74.84033387978143,10.65915,-0.05198224599249002,16.10420655737705,12.5701,0.0708017928140173,2.216378412855049,-0.2379037301487806
FMO3,-0.02741704199464868,119.04816024590164,37.1042,0.39953877656902786,553.0720918032787,42.0631,-0.42695581856367654,-2.215922219464582,-0.1809726773124526
GAGE2B,0.007544483906070153,14.444919262295082,0,-0.04377135089622404,3.11994262295082,0,0.051315834802294194,2.2109707375188137,NaN
IDO1,-0.09756595452214714,230.1784400273224,57.8672,0.47681572864557153,1063.2283032786886,155.0879,-0.5743816831677186,-2.207626802028828,-1.4222683875781033
MYT1,-0.025312359636156145,62.25087868852459,8.3747,-0.25091413119306333,13.479649180327868,2.3317,0.2256017715569072,2.2073112517607836,1.8446553297213268
SULT1E1,-0.025088164978932195,9.737650683060108,0.30725,-0.10762028447448038,2.117349180327869,0.7525,0.08253211949554819,2.2013145385601622,-1.2922785712744025
MAGEA3,-0.07516380233237074,64.90701407103825,0,0.4710467890798695,297.3203180327869,0,-0.5462105914122403,-2.195571762071093,NaN
LOC100133545,-0.03346159626994662,4.380230737704918,1.9146999999999998,0.48366437713561944,19.953368852459015,2.2292,-0.5171259734055661,-2.187553572385155,-0.2194076937503601
CAPN6,-0.06383773613947291,266.81268224043714,42.39165,0.6027790699986422,1213.5785163934427,162.7362,-0.666616806138115,-2.1853683033513644,-1.9406831820315091
UPK1A,-0.02107530477361553,32.52735819672131,2.19425,-0.18870390011758265,7.152386885245901,2.2644,0.16762859534396712,2.185156972826534,-0.045400921439016764
HBB,-0.029419332468686544,582.98439439890706,116.58675,0.4029558757015909,2632.1521147540984,46.9414,-0.43237520817027747,-2.1747136959852655,1.3124710614471895
KRT79,-8.365302500578303e-5,68.68887213114755,0.97915,0.18102801207223435,309.1809081967213,2.143,-0.18111166509724014,-2.1703029353585723,-1.1300300557783074
CEACAM7,0.002047085356426545,21.170817349726775,4.88155,-0.14337328616982684,4.705468852459016,1.5357,0.14542037152625337,2.169666583869891,1.6684428959238318
SNAP25,-0.010695604013348441,88.73326844262296,10.006450000000001,-0.1483500657436909,19.748601639344262,7.7071,0.13765446173034246,2.1677246079386214,0.3766702230989665
CTAG1B,-0.0730295994296788,17.469664480874318,0,0.13929500126565483,78.45167540983607,0,-0.21232460069533363,-2.1669523572532396,NaN
B4GALNT2,0.009680501174403121,38.52301229508197,2.0305,-0.0803777571657229,8.608740983606557,0.9678,0.09005825834012603,2.1618463526675384,1.069054182934889
SLC26A9,-0.06600052959175923,15.138045901639344,1.2042000000000002,0.3203723600543499,67.63906065573771,5.3763,-0.3863728896461091,-2.159677637614507,-2.1585386208718926
C14orf115,-0.054098469883588955,2.1377476775956286,0,0.13171342618439016,9.545639344262295,0,-0.18581189606797913,-2.1587502500733513,NaN
TF,-0.05919657271930795,479.09423784153006,81.2978,0.5343829998553704,2135.452468852459,254.8024,-0.5935795725746784,-2.156160419547903,-1.648090649327979
LALBA,0.013805995548659434,1156.1066207650272,0,-0.023892362773530056,259.74070163934425,0,0.03769835832218949,2.154130446402737,NaN
C2orf82,-0.007379783454265294,59.44181830601093,2.0953999999999997,-0.14089204154010143,13.364483606557377,2.2575,0.13351225808583614,2.153074154103481,-0.10750031517416218
SERPINC1,0.022288430820223366,10.69562349726776,2.16775,-0.0397283783707431,2.4048868852459018,1.9143,0.062016809190966464,2.1529796433052826,0.17938144481005472
NCAN,-0.03025888369791215,73.57875300546448,0.5197499999999999,0.11793831385184507,326.6504770491803,0.5136,-0.14819719754975721,-2.1503866154999685,0.017172650623429153
CKM,-0.028193691755845414,32.641303278688525,1.21415,-0.02937171129815804,7.4188245901639345,2.1289,0.0011780195423126277,2.1374361263094133,-0.8101615164285518
LOC400696,-0.0931102868332668,13.578894398907105,3.7687,0.5698103993241216,59.60283278688525,4.914,-0.6629206861573884,-2.1340148809900152,-0.38283090104703793
HPGD,-0.005415359058140901,421.08252513661205,68.38855000000001,-0.16748483200037204,96.22037540983607,46.9027,0.16206947294223115,2.129688671806454,0.5440838258317897
SLITRK6,0.014567561571603138,1798.0201851092897,317.0031,-0.2566765185586974,411.37244098360657,131.3378,0.27124408013030055,2.127892165121109,1.271214754265737
CHAD,0.11501377526959265,967.9651519125683,313.05705,-0.31755587412647807,222.86460327868852,30.4956,0.43256964939607073,2.1187876122836617,3.359752584594145
DIO1,0.03873055439678026,267.21056830601094,28.057650000000002,-0.2982515364168269,62.08541475409836,9.4697,0.33698209081360714,2.105650776036709,1.5670035525077797
GAD1,0.033001340472410295,54.632547404371586,4.0367,-0.15477617305186125,12.744703278688524,3.1736,0.18777751352427155,2.0998629095108647,0.3470560698072764
CNGA3,0.02659996340000973,23.712853825136612,3.68225,-0.08429698873108503,5.532314754098361,1.4294,0.11089695213109477,2.099714156335354,1.3651778859135644
CDK5R2,-0.03528479992663791,9.819538661202186,0.25849999999999995,-0.08136175676252937,2.292449180327869,0.3734,0.046076956835891456,2.098765493743723,-0.5305576470239055
RGAG1,0.02167113647823793,33.389150546448086,6.6642,-0.03327001393015024,7.798160655737705,5.1688,0.05494115040838817,2.0981736080624303,0.3666023180703071
MAGEA6,-0.07023519714383009,93.30056092896174,0,0.41159639721756425,399.2945065573771,0,-0.48183159436139433,-2.0974955639031636,NaN
IGF2BP3,-0.09852666660224436,26.601046721311477,7.3778500000000005,0.4875950644772963,113.27499344262294,17.4212,-0.5861217310795407,-2.0902744869496064,-1.23957163966298
CDH19,-0.05341509350700344,25.016445765027324,0.5871500000000001,0.21841481063127635,105.85329344262296,0.9529,-0.2718299041382798,-2.081117420085227,-0.6985957039482968
NIPAL4,-0.06920140927998386,16.304818715846995,5.42,0.4819655826525719,68.72982786885245,10.4849,-0.5511669919325557,-2.075637945538437,-0.9519483450677498
HEPACAM2,0.06322588298543445,99.01474617486339,23.408549999999998,-0.2872839836383769,23.525488524590163,4.6235,0.3505098666238114,2.0734187185153465,2.3399782783456198
MMP12,-0.11422569602688461,78.19576461748633,11.625399999999999,0.44290465178533683,328.0445262295082,126.8409,-0.5571303478122215,-2.0687292755477915,-3.4476677576388797
CT45A3,-0.02100019219207306,3.696029098360656,0,0.22307128139326754,15.49846393442623,0,-0.2440714735853406,-2.068077215823165,NaN
APOA1,0.021759511616503906,28.70745068306011,1.883,-0.03239686088552182,6.875073770491803,1.3919,0.05415637250202573,2.0619781210858767,0.43597743437356845
S100A9,-0.03558592062710903,2796.7503512295084,140.49349999999998,0.52997596901801,11676.057660655737,626.3116,-0.5655618896451191,-2.0617298564017132,-2.1563772145322755
CHODL,-0.10591849652033689,28.823867349726775,6.8254,0.6824797970474968,119.64492295081968,30.971,-0.7883982935678338,-2.0534233558328117,-2.1819324636681796
CHI3L2,-0.09377238155994036,604.5085680327869,242.50655,0.791437562090013,2504.5041524590165,629.9396,-0.8852099436499534,-2.050690310737932,-1.3771897920444525
KRT24,-0.016477211775309485,8.719535655737705,0,-0.05426233791671761,2.1250426229508195,0,0.037785126141408124,2.0367595304064112,NaN
GABBR2,-0.0592744392690695,32.64104344262295,0.9131,0.32012163883527106,132.89078524590164,2.4986,-0.37939607810434056,-2.0254819883720945,-1.452275185714872
CDHR4,0.026690174504867843,13.141496311475409,0.5251,-0.09309207598040159,3.2329655737704917,0.3227,0.11978225048526943,2.0231995024210074,0.7023986178412971
TCHHL1,0.0029727323133863846,3.2093370218579236,0,0.17266386935388317,13.042577049180329,0,-0.1696911370404968,-2.022881751819749,NaN
LBP,-0.05937793332757682,351.85117158469944,16.6514,0.3303999471960145,1429.322968852459,56.7485,-0.3897778805235913,-2.0222947216823632,-1.7689387791030888
ATP1A4,0.08983208932262855,41.161907103825136,14.233,-0.2626492425830159,10.133391803278688,2.6322,0.35248133190564446,2.0221926790274294,2.434898764656291
SLC34A2,-0.10937646305650016,694.3081509562842,112.3531,0.7370833926828653,2816.3883459016392,800.9529,-0.8464598557393654,-2.020198264464549,-2.833677476201556
SCGB2A2,0.044632768790503326,27046.914798907103,2043.09835,-0.20302191437647776,6697.041859016394,101.439,0.24765468316698108,2.0138681467986137,4.3320743202435805
BMPR1B,0.09453907243100916,4345.235917896175,349.16065,-0.3557797471072867,1076.3275606557377,84.0258,0.4503188195382959,2.013317305441057,2.0549866996266415
IL1R2,-0.04837629956563658,19.56159767759563,6.8046500000000005,0.1887539775886648,78.78005081967213,26.5398,-0.23713027715430138,-2.0098061415628212,-1.9635646356816383
C8orf34,0.02758406092225287,26.77813019125683,3.6,-0.13023113439889397,6.655424590163935,2.3006,0.15781519532114685,2.008452614098101,0.6459867392385179
S100A12,-0.036987991582317595,2.334275956284153,0.3973,0.487992158993521,9.377298360655738,0.7488,-0.5249801505758386,-2.006197210646161,-0.9143516414953058
C8orf46,-0.10101389956350201,45.568914617486335,15.465,0.31956645513353243,182.78868032786886,21.3068,-0.4205803546970345,-2.0040548171861894,-0.4623071022184748
GDF5,-0.08983020493833384,21.58563825136612,6.47655,0.532012751424317,86.51013114754099,20.5781,-0.6218429563626509,-2.002797344241019,-1.6678123705113423
UGT2B28,0.008209775302352826,162.2775293715847,0.83575,-0.10282469133035974,40.51425081967213,0,0.11103446663271256,2.001961875271415,Inf
KRT6A,-0.04841159556973358,536.4714952185792,8.7032,0.14458220075929484,2147.9635918032786,38.2298,-0.1929937963290284,-2.001396117477936,-2.135079797743362
